ID,presabs,environment,species
1,1,0.15314410347491503,1
2,0,-0.9331089630723,1
3,0,-0.9251534570939839,1
4,0,-0.48095164867118,1
5,1,0.017138360533863306,1
6,0,0.9740503886714578,1
7,1,0.5934369680471718,1
8,1,0.6533312750980258,1
9,1,0.7494376869872212,1
10,0,-0.2855704599060118,1
11,1,0.5210740775801241,1
12,1,-0.31227168533951044,1
13,0,-0.7712273811921477,1
14,1,0.8517001206055284,1
15,1,-0.5866738297045231,1
16,1,0.6018408169038594,1
17,1,-0.5425120354630053,1
18,1,0.16911772591993213,1
19,0,-0.7828926672227681,1
20,1,-0.7721209544688463,1
21,1,0.8127692644484341,1
22,1,-0.1422106698155403,1
23,0,-0.7780378577299416,1
24,1,0.8433840745128691,1
25,0,-0.12544958433136344,1
26,0,-0.9253195812925696,1
27,1,0.9990988103672862,1
28,1,0.6765238377265632,1
29,1,0.16569916857406497,1
30,1,0.9372066576033831,1
31,1,-0.07297337334603071,1
32,0,-0.2241029110737145,1
33,1,-0.18460781453177333,1
34,1,-0.3286591339856386,1
35,0,0.3030683998949826,1
36,0,-0.7180588049814105,1
37,1,0.8868905799463391,1
38,0,-0.7278969930484891,1
39,1,-0.4464676482602954,1
40,1,0.9301781039685011,1
41,1,0.36668706871569157,1
42,1,0.2026663152500987,1
43,1,-0.1169196991249919,1
44,1,-0.9345317725092173,1
45,1,-0.8484859936870635,1
46,0,-0.32304095197468996,1
47,1,-0.12268450343981385,1
48,0,-0.8845163900405169,1
49,1,0.5644509582780302,1
50,1,0.11412097746506333,1
51,1,0.8164120619185269,2
52,0,0.0816792850382626,2
53,0,0.07016988284885883,2
54,0,-0.7106989244930446,2
55,1,0.6535287527367473,2
56,0,0.12876935116946697,2
57,0,0.5854805554263294,2
58,1,0.5024384916760027,2
59,1,-0.7634831443428993,2
60,1,-0.05950454995036125,2
61,0,-0.11640191171318293,2
62,0,0.5986420377157629,2
63,0,0.7769182529300451,2
64,0,0.4769191821105778,2
65,0,0.4376150406897068,2
66,1,-0.32467081490904093,2
67,0,0.8186983210034668,2
68,0,0.4419346610084176,2
69,1,-0.6674916166812181,2
70,0,-0.6199759691953659,2
71,0,0.3154531489126384,2
72,0,0.579187635332346,2
73,0,0.42631048476323485,2
74,0,0.2581346561200917,2
75,0,0.1796392099931836,2
76,0,-0.5907805035822093,2
77,1,-0.34725334495306015,2
78,0,0.8293933379463851,2
79,0,0.10922075202688575,2
80,0,0.5400153719820082,2
81,0,-0.6022778302431107,2
82,0,-0.6413791649974883,2
83,1,-0.019607209134846926,2
84,0,-0.9450032445602119,2
85,1,0.03162224404513836,2
86,1,0.765487790107727,2
87,0,0.08521055243909359,2
88,0,0.3827143353410065,2
89,1,-0.6142668575048447,2
90,0,0.22441143915057182,2
91,0,-0.938005450181663,2
92,0,0.6727091427892447,2
93,0,0.2574522290378809,2
94,1,0.17739184387028217,2
95,0,-0.6093666558153927,2
96,0,-0.2549416907131672,2
97,0,0.43236868595704436,2
98,0,-0.2051824340596795,2
99,0,-0.16906668292358518,2
100,0,-0.9858782105147839,2
101,1,-0.44056292762979865,3
102,0,-0.8503925548866391,3
103,1,-0.9994261390529573,3
104,1,0.6097840098664165,3
105,1,-0.3119073654524982,3
106,0,-0.8942400086671114,3
107,0,0.6748820231296122,3
108,1,-0.45590987149626017,3
109,0,-0.6774187530390918,3
110,0,-0.43748463597148657,3
111,1,-0.9295282503589988,3
112,0,-0.6805937420576811,3
113,0,-0.9299626955762506,3
114,1,0.9560983250848949,3
115,1,0.29589920211583376,3
116,1,0.9306546710431576,3
117,0,-0.4898215061984956,3
118,0,0.5918943351134658,3
119,0,0.04730519326403737,3
120,0,-0.8335567330941558,3
121,1,0.4348518713377416,3
122,1,0.8230487359687686,3
123,0,-0.7799005913548172,3
124,1,0.7654069806449115,3
125,0,-0.8536322466097772,3
126,0,0.6718082325533032,3
127,1,-0.7143351160921156,3
128,1,0.3082424593158066,3
129,0,-0.24519733432680368,3
130,1,0.5488959010690451,3
131,1,-0.6242112629115582,3
132,0,-0.5141306589357555,3
133,1,0.40059690037742257,3
134,1,0.9403328984044492,3
135,1,-0.8699306431226432,3
136,1,0.5749729904346168,3
137,0,0.7741976897232234,3
138,0,-0.633125330787152,3
139,1,0.28148822486400604,3
140,0,0.35255259880796075,3
141,0,-0.024662806186825037,3
142,1,-0.13398343650624156,3
143,1,-0.3717100606299937,3
144,0,0.005961418151855469,3
145,0,-0.011994882952421904,3
146,1,0.7301813173107803,3
147,1,0.616696641780436,3
148,1,-0.7392191779799759,3
149,1,-0.05348582332953811,3
150,0,-0.9827409666031599,3
151,0,0.44110923539847136,4
152,1,-0.05168062448501587,4
153,0,-0.4064928195439279,4
154,0,-0.4276882577687502,4
155,1,0.31347832921892405,4
156,0,-0.894872838165611,4
157,0,0.3687073988839984,4
158,0,0.4957779343239963,4
159,1,0.6977609228342772,4
160,1,0.14720448572188616,4
161,0,-0.024171917233616114,4
162,0,-0.5696070897392929,4
163,0,-0.7579088769853115,4
164,0,-0.18667812552303076,4
165,1,-0.6359754842706025,4
166,0,0.7533682398498058,4
167,0,-0.4050460299476981,4
168,0,0.6070305122993886,4
169,0,-0.08805050374940038,4
170,0,0.43672750191763043,4
171,1,0.7898184969089925,4
172,0,-0.4711544690653682,4
173,0,0.904381693340838,4
174,1,0.3858221750706434,4
175,1,0.8663080264814198,4
176,0,0.34037649678066373,4
177,0,-0.8515131664462388,4
178,0,-0.8152127508074045,4
179,0,0.2894648928195238,4
180,0,-0.43107349751517177,4
181,0,0.025190922897309065,4
182,0,0.5981047223322093,4
183,1,0.9809195138514042,4
184,0,-0.7906265263445675,4
185,0,0.8097008797340095,4
186,0,0.6361478767357767,4
187,0,0.07276638690382242,4
188,0,-0.46925884392112494,4
189,0,-0.6445429008454084,4
190,1,-0.8044944470748305,4
191,0,0.5600134059786797,4
192,0,-0.7669825120829046,4
193,0,-0.0847371956333518,4
194,0,0.3468580604530871,4
195,0,-0.8031897307373583,4
196,0,0.18500888627022505,4
197,0,-0.4853306682780385,4
198,0,-0.479704056866467,4
199,1,-0.29054727870970964,4
200,1,0.355811670422554,4
201,1,0.4072099272161722,5
202,0,0.7574657732620835,5
203,0,-0.6072200029157102,5
204,1,0.4472901187837124,5
205,0,-0.8046801188029349,5
206,1,-0.8823939100839198,5
207,1,0.30155563121661544,5
208,0,-0.8378031649626791,5
209,0,-0.9556038500741124,5
210,1,0.49659982323646545,5
211,0,-0.06939453165978193,5
212,0,0.17848225124180317,5
213,1,0.5944559425115585,5
214,0,-0.33518869150429964,5
215,1,0.7496633967384696,5
216,1,0.1604610299691558,5
217,0,-0.8789744824171066,5
218,1,0.1220172056928277,5
219,0,0.12840551836416125,5
220,1,0.7101583695039153,5
221,1,0.6213438091799617,5
222,1,0.03604088257998228,5
223,0,0.40769768273457885,5
224,0,-0.7453747801482677,5
225,1,0.22195093147456646,5
226,0,-0.6248169993050396,5
227,1,-0.3927496406249702,5
228,1,0.7695780890062451,5
229,0,0.2661430765874684,5
230,1,0.27162888925522566,5
231,0,-0.8874088944867253,5
232,1,0.9568619281053543,5
233,0,0.15996085200458765,5
234,1,0.7302529853768647,5
235,1,-0.5178359001874924,5
236,1,0.7053577434271574,5
237,1,0.5515270712785423,5
238,0,0.364728479180485,5
239,0,0.7462750002741814,5
240,1,0.407952269539237,5
241,1,0.9885960482060909,5
242,1,-0.3893837947398424,5
243,0,-0.14517762791365385,5
244,0,-0.7841794732958078,5
245,1,-0.4612845527008176,5
246,0,-0.338264977093786,5
247,0,-0.29227291187271476,5
248,1,-0.9252668498083949,5
249,1,0.8260291549377143,5
250,0,-0.819117771461606,5
251,0,-0.38910766411572695,6
252,0,-0.2264184602536261,6
253,1,-0.8969630869105458,6
254,0,0.898342976346612,6
255,0,0.5096945646218956,6
256,0,0.2623334960080683,6
257,0,0.33432543370872736,6
258,0,0.4834791258908808,6
259,0,0.6040035244077444,6
260,0,-0.19817269453778863,6
261,0,-0.6584270801395178,6
262,0,-0.5377538371831179,6
263,0,0.5913002137094736,6
264,0,-0.3422946003265679,6
265,0,0.20620009349659085,6
266,0,-0.2179787135683,6
267,0,-0.4686212120577693,6
268,0,0.8956546294502914,6
269,0,0.6948680719360709,6
270,1,0.09722560364753008,6
271,0,0.7673646099865437,6
272,0,0.7316802539862692,6
273,0,-0.37744537042453885,6
274,0,0.9683127971366048,6
275,0,-0.7545780120417476,6
276,0,0.36245336243882775,6
277,0,0.008534826338291168,6
278,0,-0.9345950083807111,6
279,0,0.23700127145275474,6
280,0,-0.24894811818376184,6
281,0,0.18553934758529067,6
282,0,0.4333919999189675,6
283,0,-0.9346693842671812,6
284,0,-0.23329308396205306,6
285,0,0.4651165632531047,6
286,0,-0.8838560273870826,6
287,0,0.13802554924041033,6
288,0,0.039530759677290916,6
289,0,-0.8786532594822347,6
290,0,-0.9952002442441881,6
291,0,0.7300543896853924,6
292,0,0.5628589405678213,6
293,0,-0.5711958021856844,6
294,0,-0.5158822285011411,6
295,0,0.6169964950531721,6
296,1,-0.705896551720798,6
297,0,0.4411373264156282,6
298,1,0.41293978365138173,6
299,0,-0.29093933245167136,6
300,0,-0.47814872674643993,6
301,1,0.029490548186004162,7
302,0,-0.26947999792173505,7
303,0,-0.2119415788911283,7
304,0,-0.36212162720039487,7
305,0,0.9882902670651674,7
306,0,-0.7478836714290082,7
307,1,0.6955548962578177,7
308,0,-0.7541303322650492,7
309,0,-0.610799718182534,7
310,1,0.4231168935075402,7
311,0,-0.4079735651612282,7
312,0,0.3776880567893386,7
313,0,0.970097363460809,7
314,0,-0.480405799113214,7
315,0,-0.4546734835021198,7
316,1,0.8058810690417886,7
317,1,0.48061980633065104,7
318,0,0.14761120779439807,7
319,1,0.22319061774760485,7
320,0,-0.7261861371807754,7
321,0,0.7759281247854233,7
322,0,-0.588354445528239,7
323,0,-0.3634250843897462,7
324,0,0.5820086975581944,7
325,0,-0.09140614839270711,7
326,1,-0.3988804453983903,7
327,0,-0.19670005282387137,7
328,0,-0.5427384725771844,7
329,0,0.6133335335180163,7
330,0,-0.6157569731585681,7
331,0,-0.776630949229002,7
332,0,-0.9324547755531967,7
333,1,0.5690969065763056,7
334,0,0.41693142568692565,7
335,0,-0.6549099092371762,7
336,0,-0.6548282369039953,7
337,0,-0.17518809624016285,7
338,0,0.8621566211804748,7
339,1,0.25369202299043536,7
340,0,-0.21193406404927373,7
341,0,0.7639680192805827,7
342,0,0.9020866956561804,7
343,0,0.23808020958676934,7
344,0,-0.26439043786376715,7
345,0,0.2662935690023005,7
346,0,-0.016776503529399633,7
347,0,-0.8998115700669587,7
348,0,-0.2686345628462732,7
349,0,-0.5750038744881749,7
350,1,0.13063339097425342,7
351,1,0.11430725548416376,8
352,1,-0.9685295284725726,8
353,1,0.02869386551901698,8
354,1,0.15310701541602612,8
355,0,-0.1969427978619933,8
356,1,0.5306497388519347,8
357,1,-0.3607273711822927,8
358,1,-0.5123100695200264,8
359,1,0.18663296895101666,8
360,1,-0.5926869101822376,8
361,1,0.7608702075667679,8
362,0,-0.8044473500922322,8
363,1,-0.7219731244258583,8
364,1,0.8341274438425899,8
365,1,0.5963623197749257,8
366,1,-0.21054079290479422,8
367,0,-0.3079276508651674,8
368,0,-0.853739847894758,8
369,0,-0.9002474062144756,8
370,1,-0.35479973535984755,8
371,1,0.7583126090466976,8
372,1,0.4108223356306553,8
373,1,-0.4924799017608166,8
374,1,0.002190887462347746,8
375,0,0.45713707292452455,8
376,0,0.37963159941136837,8
377,1,0.38097565108910203,8
378,1,0.4528860505670309,8
379,1,-0.8167065950110555,8
380,1,0.2921707248315215,8
381,1,-0.40134495217353106,8
382,1,0.4521475872024894,8
383,1,0.06430716905742884,8
384,0,-0.9407273409888148,8
385,1,-0.003966580610722303,8
386,1,-0.2364689544774592,8
387,0,-0.9248962723650038,8
388,1,0.54989127907902,8
389,1,0.5864665126428008,8
390,1,0.4908584738150239,8
391,1,0.07682642014697194,8
392,1,0.7523876521736383,8
393,1,-0.3085816069506109,8
394,1,0.7197173163294792,8
395,0,0.25419201608747244,8
396,1,-0.8834347208030522,8
397,1,0.9419491714797914,8
398,1,-0.19607861014083028,8
399,1,0.13239294569939375,8
400,1,0.8156465301290154,8
401,1,0.24525643093511462,9
402,0,-0.4642763719893992,9
403,0,-0.8685916513204575,9
404,1,0.4830355830490589,9
405,1,-0.7819841196760535,9
406,0,-0.9853131896816194,9
407,0,0.4496971503831446,9
408,1,-0.16008757753297687,9
409,1,0.15397129114717245,9
410,0,-0.5700101060792804,9
411,0,-0.9440386015921831,9
412,1,0.00397751247510314,9
413,0,0.624402021523565,9
414,1,0.25701700197532773,9
415,0,-0.8130565495230258,9
416,0,-0.16946366475895047,9
417,1,-0.7130411262623966,9
418,0,0.6106925122439861,9
419,0,-0.11635246546939015,9
420,1,0.5295697101391852,9
421,0,-0.07059315172955394,9
422,0,0.5088693052530289,9
423,1,0.8606752138584852,9
424,1,0.5280137211084366,9
425,0,0.20170168299227953,9
426,0,-0.40614425856620073,9
427,1,-0.8779423385858536,9
428,1,0.6013732054270804,9
429,0,-0.21048216568306088,9
430,1,-0.26650316547602415,9
431,1,0.6415605410002172,9
432,1,-0.3952380567789078,9
433,1,0.18822689866647124,9
434,1,0.9991383766755462,9
435,1,-0.45971805043518543,9
436,0,0.3896469799801707,9
437,1,-0.14336302131414413,9
438,0,-0.41223220620304346,9
439,0,-0.5813604537397623,9
440,1,-0.7634285530075431,9
441,1,0.8867303566075861,9
442,0,-0.9955349531956017,9
443,0,-0.6515838978812099,9
444,1,-0.5892144157551229,9
445,1,-0.5568448239937425,9
446,1,-0.7066199658438563,9
447,1,0.6090293428860605,9
448,1,0.22278474364429712,9
449,0,-0.4535146509297192,9
450,0,-0.8365621282719076,9
451,1,0.9660276621580124,10
452,1,0.3073355141095817,10
453,0,-0.4268764751031995,10
454,0,-0.7911067721433938,10
455,0,-0.5088247545063496,10
456,0,-0.9270557309500873,10
457,0,-0.1929942462593317,10
458,0,-0.014182902406901121,10
459,1,0.6633344041183591,10
460,0,0.7157849036157131,10
461,0,-0.6411788919940591,10
462,0,-0.7225973950698972,10
463,1,0.2706612586043775,10
464,0,-0.11930134519934654,10
465,1,0.911531975492835,10
466,1,0.3739498262293637,10
467,0,0.06626454554498196,10
468,0,0.14215948479250073,10
469,0,0.5115003851242363,10
470,1,0.6660497770644724,10
471,1,-0.41823484329506755,10
472,1,0.18007996771484613,10
473,0,-0.22990188235417008,10
474,1,-0.2541987979784608,10
475,0,0.0052693383768200874,10
476,0,-0.6140933982096612,10
477,0,-0.8337517869658768,10
478,0,-0.253738806117326,10
479,0,0.13510743016377091,10
480,0,0.6244184761308134,10
481,1,0.545469325967133,10
482,0,-0.009512940421700478,10
483,1,0.3327417722903192,10
484,0,-0.918893348891288,10
485,0,0.47053152695298195,10
486,0,-0.4600844206288457,10
487,0,0.308738574385643,10
488,1,-0.09597420739009976,10
489,0,0.42822246020659804,10
490,1,-0.20531190233305097,10
491,0,0.1775332265533507,10
492,0,-0.14117316948249936,10
493,0,-0.6628985260613263,10
494,1,0.14972122525796294,10
495,0,-0.5334403794258833,10
496,1,0.4537624572403729,10
497,0,-0.1988277267664671,10
498,0,-0.3652145294472575,10
499,0,-0.5648058285005391,10
500,1,-0.3207272496074438,10
501,1,0.49241896672174335,11
502,1,0.15889036189764738,11
503,1,-0.16737856110557914,11
504,1,0.9646918321959674,11
505,1,0.8136176411062479,11
506,1,0.8627621298655868,11
507,1,-0.5883273780345917,11
508,0,0.3537296550348401,11
509,0,-0.2507596896030009,11
510,1,0.47977497801184654,11
511,1,-0.052032722625881433,11
512,1,0.47831161273643374,11
513,1,0.7315731127746403,11
514,0,-0.789635709952563,11
515,1,-0.05491035059094429,11
516,1,-0.5853721294552088,11
517,1,0.40079884929582477,11
518,1,-0.9841748103499413,11
519,1,0.49039446050301194,11
520,1,0.7115469481796026,11
521,1,0.5649825017899275,11
522,0,0.8538096006959677,11
523,0,-0.18416392663493752,11
524,1,0.3129075947217643,11
525,1,-0.20799275627359748,11
526,0,0.05296778539195657,11
527,1,-0.8551768329925835,11
528,1,-0.05924365809187293,11
529,1,0.08042874466627836,11
530,1,0.4797191331163049,11
531,1,-0.3667087680660188,11
532,1,-0.622126498259604,11
533,0,0.22119201021268964,11
534,1,0.6182941934093833,11
535,1,-0.8293882748112082,11
536,1,0.8085973439738154,11
537,1,0.5356833026744425,11
538,1,0.11114706797525287,11
539,1,0.8885340504348278,11
540,1,-0.08216560306027532,11
541,1,-0.41870271787047386,11
542,1,-0.5406971741467714,11
543,1,0.36069959634914994,11
544,1,0.29827428329735994,11
545,1,0.0336980908177793,11
546,1,-0.827869018074125,11
547,1,-0.49624892184510827,11
548,1,0.5551481358706951,11
549,1,0.2156223519705236,11
550,1,0.454356886446476,11
551,0,-0.31589402351528406,12
552,0,-0.774501945823431,12
553,0,0.5628781830891967,12
554,0,-0.903424356598407,12
555,0,0.8681800230406225,12
556,0,-0.4755180012434721,12
557,0,0.038458401802927256,12
558,0,-0.5211495002731681,12
559,0,0.18628358095884323,12
560,0,0.4280540607869625,12
561,1,-0.9894689577631652,12
562,0,-0.939282851293683,12
563,0,-0.7212786921299994,12
564,0,0.8938146722503006,12
565,1,0.26387833151966333,12
566,1,0.09031664812937379,12
567,0,0.005510662216693163,12
568,0,0.8737006289884448,12
569,0,0.12279396504163742,12
570,1,-0.9849726050160825,12
571,1,0.5943620465695858,12
572,0,-0.21941671473905444,12
573,0,-0.12281025806441903,12
574,1,0.12251013098284602,12
575,0,-0.2419549897313118,12
576,0,-0.4425095175392926,12
577,1,0.20491074491292238,12
578,0,0.3533709719777107,12
579,0,0.7070878008380532,12
580,0,-0.09799796249717474,12
581,0,-0.24752552900463343,12
582,0,-0.022310389671474695,12
583,0,-0.7354975459165871,12
584,0,0.7718261796981096,12
585,0,-0.43590447306632996,12
586,1,-0.11226329626515508,12
587,1,-0.3164013270288706,12
588,1,0.2945740167051554,12
589,0,0.8134769448079169,12
590,1,0.3752853232435882,12
591,1,0.26336981914937496,12
592,1,-0.2740152310580015,12
593,0,0.09283208614215255,12
594,1,0.5824805148877203,12
595,0,-0.5402694679796696,12
596,0,0.47509046690538526,12
597,0,0.6938589517958462,12
598,0,-0.5563481943681836,12
599,0,-0.33406323194503784,12
600,0,0.08793365489691496,12
601,1,0.22692389832809567,13
602,0,-0.555080845952034,13
603,0,-0.6128723709844053,13
604,1,-0.5189933618530631,13
605,1,-0.39819434098899364,13
606,1,0.38079272070899606,13
607,0,-0.0830057798884809,13
608,0,-0.5087556312792003,13
609,1,-0.19803229672834277,13
610,0,-0.10222261073067784,13
611,0,-0.5497838342562318,13
612,0,0.19945533806458116,13
613,1,-0.11896828236058354,13
614,0,-0.36632089829072356,13
615,1,0.8128011398948729,13
616,0,0.35473634116351604,13
617,0,0.37462385231629014,13
618,0,0.2585089369677007,13
619,0,0.21782387979328632,13
620,0,0.05685661733150482,13
621,1,-0.6242119898088276,13
622,0,0.4216295392252505,13
623,0,-0.01899559935554862,13
624,0,-0.1307228240184486,13
625,0,0.3397563137114048,13
626,0,0.1586915529333055,13
627,0,0.2751879431307316,13
628,0,-0.7275527343153954,13
629,0,-0.44689754396677017,13
630,0,-0.9555718582123518,13
631,0,0.6312446780502796,13
632,0,-0.41304502496495843,13
633,0,0.6536571327596903,13
634,1,0.9512700173072517,13
635,0,0.9555281684733927,13
636,1,0.44276773976162076,13
637,1,-0.1563167804852128,13
638,0,0.7105178879573941,13
639,0,0.8749791849404573,13
640,0,0.4386409451253712,13
641,0,-0.8958037355914712,13
642,0,0.630368544254452,13
643,0,-0.4633671557530761,13
644,1,0.8240531799383461,13
645,0,0.07511397637426853,13
646,0,-0.12369502102956176,13
647,0,0.5435519395396113,13
648,1,0.6763886329717934,13
649,0,-0.27914054272696376,13
650,0,0.7516735959798098,13
651,1,-0.6493559121154249,14
652,0,-0.8735436592251062,14
653,1,0.28339934861287475,14
654,1,0.08567918185144663,14
655,1,-0.6941678472794592,14
656,1,0.4753093523904681,14
657,1,0.5097913555800915,14
658,0,0.8800523672252893,14
659,1,0.37966439640149474,14
660,1,-0.9714554538950324,14
661,1,0.14806095277890563,14
662,1,0.08838230650871992,14
663,0,0.14360814774408937,14
664,0,-0.6365028293803334,14
665,1,0.5448524514213204,14
666,1,0.2790654683485627,14
667,1,-0.8831217377446592,14
668,0,-0.37303208746016026,14
669,1,0.7544452925212681,14
670,1,-0.8147420641034842,14
671,1,-0.4239552686922252,14
672,1,0.4307239083573222,14
673,1,0.21877377852797508,14
674,1,-0.8124597747810185,14
675,1,0.5565368882380426,14
676,1,0.4876358453184366,14
677,1,-0.18525191210210323,14
678,1,0.98447688994929194,14
679,1,0.5445383633486927,14
680,1,-0.5586964865215123,14
681,1,0.5964270317927003,14
682,1,-0.005131612531840801,14
683,1,-0.7163521992042661,14
684,1,0.2052192958071828,14
685,1,0.5797543311491609,14
686,1,0.10384754231199622,14
687,1,0.3351270924322307,14
688,1,-0.09540762286633253,14
689,1,0.7028611311689019,14
690,1,-0.21030108537524939,14
691,1,-0.22213342739269137,14
692,1,0.5838030646555126,14
693,0,0.1570467040874064,14
694,1,0.08679881598800421,14
695,0,-0.9593228134326637,14
696,1,0.05063976999372244,14
697,1,-0.5805801348760724,14
698,1,0.18044938193634152,14
699,0,-0.6829949803650379,14
700,1,0.20799340680241585,14
701,1,-0.501705733127892,15
702,1,0.8591500264592469,15
703,0,-0.6269772895611823,15
704,1,0.26121609658002853,15
705,0,0.6454703994095325,15
706,1,0.401985680218786,15
707,0,0.9965115739032626,15
708,0,-0.5804900764487684,15
709,0,-0.04019837500527501,15
710,0,-0.3231156561523676,15
711,1,-0.4269107645377517,15
712,1,-0.88288968289271,15
713,1,0.8712754338048398,15
714,1,0.6593895037658513,15
715,1,0.7640815735794604,15
716,1,0.5905673173256218,15
717,0,-0.1536388280801475,15
718,0,0.43720168294385076,15
719,1,0.6735726627521217,15
720,0,-0.6696488135494292,15
721,0,0.8392898417077959,15
722,1,-0.06578190112486482,15
723,1,-0.8155986489728093,15
724,0,-0.01167974527925253,15
725,1,0.6730560194700956,15
726,1,0.7710170703940094,15
727,0,0.881039900239557,15
728,0,-0.6990523054264486,15
729,0,0.7686335504986346,15
730,0,0.5199773614294827,15
731,0,-0.3010894926264882,15
732,0,0.04296757047995925,15
733,0,-0.6513241208158433,15
734,1,0.07285465719178319,15
735,0,-0.948379582259804,15
736,1,-0.4384226305410266,15
737,1,-0.13491725269705057,15
738,0,0.13209778303280473,15
739,1,-0.18828095588833094,15
740,0,-0.601796081289649,15
741,1,-0.5283747562207282,15
742,1,0.3175663775764406,15
743,0,-0.6861073211766779,15
744,1,-0.31939238775521517,15
745,1,0.8912953943945467,15
746,0,-0.365329681430012,15
747,0,0.5922839245758951,15
748,1,0.6474260515533388,15
749,0,-0.799792381003499,15
750,1,0.042007244657725096,15
751,1,-0.7452871240675449,16
752,1,0.8991308603435755,16
753,0,-0.8483351357281208,16
754,1,-0.8594851880334318,16
755,1,0.21832951717078686,16
756,0,-0.5862787263467908,16
757,0,-0.41057893401011825,16
758,0,0.061848895624279976,16
759,0,-0.9824891616590321,16
760,1,0.5345313558354974,16
761,1,0.8897817567922175,16
762,1,0.116543123498559,16
763,1,0.03677171468734741,16
764,0,0.6218381063081324,16
765,1,0.9772264077328146,16
766,1,0.294905049726367,16
767,0,0.9571546390652657,16
768,0,-0.5240605226717889,16
769,1,0.473922670353204,16
770,0,0.9278193800710142,16
771,0,-0.4977529956959188,16
772,1,0.717263778205961,16
773,0,-0.3393798950128257,16
774,1,-0.7415720578283072,16
775,1,0.8259275048039854,16
776,0,-0.8432630659081042,16
777,1,-0.7687495378777385,16
778,1,-0.13735329918563366,16
779,1,-0.7580917016603053,16
780,1,0.5068533234298229,16
781,0,0.8245909744873643,16
782,1,0.9464554111473262,16
783,1,0.8683233759365976,16
784,1,0.023071769159287214,16
785,1,-0.8991850214079022,16
786,1,0.2015196899883449,16
787,1,-0.3713947362266481,16
788,0,-0.35526923881843686,16
789,0,0.7389322370290756,16
790,0,0.11958889942616224,16
791,1,-0.8095082510262728,16
792,1,-0.4249840974807739,16
793,1,-0.060184675734490156,16
794,1,-0.48644915223121643,16
795,1,-0.2324046604335308,16
796,1,0.6689607854932547,16
797,1,-0.8609582525677979,16
798,0,0.3618804533034563,16
799,0,-0.7068456034176052,16
800,1,-0.30711703514680266,16
801,0,0.00728761637583375,17
802,0,-0.18066231440752745,17
803,0,0.1916456250473857,17
804,0,-0.09222705429419875,17
805,0,0.87394282175228,17
806,1,-0.5027858028188348,17
807,0,-0.4125425568781793,17
808,0,0.20996822649613023,17
809,0,0.3870924045331776,17
810,1,-0.4646025253459811,17
811,0,0.3572079408913851,17
812,0,-0.6838381155394018,17
813,1,0.878720321226865,17
814,0,-0.7171365446411073,17
815,0,-0.8055077251046896,17
816,0,0.6239685518667102,17
817,0,0.981237880885601,17
818,0,0.2259660717099905,17
819,1,-0.6709292647428811,17
820,0,0.6679361178539693,17
821,0,-0.85657301498577,17
822,1,0.3100313348695636,17
823,0,-0.6843937993980944,17
824,0,-0.014842147938907146,17
825,0,-0.8957689558155835,17
826,0,0.3008846719749272,17
827,0,-0.4822170240804553,17
828,0,-0.816453292965889,17
829,0,0.24200665717944503,17
830,0,-0.8800294999964535,17
831,0,0.27486979961395264,17
832,1,0.10356579115614295,17
833,0,0.9250093963928521,17
834,0,-0.9699839991517365,17
835,0,0.15205965377390385,17
836,1,-0.27305621979758143,17
837,0,-0.21997671900317073,17
838,0,-0.24973778938874602,17
839,1,-0.5956907337531447,17
840,1,-0.05375740025192499,17
841,0,-0.29864560440182686,17
842,0,0.12242067186161876,17
843,0,0.6788402143865824,17
844,0,0.01729487907141447,17
845,0,0.9204445942305028,17
846,0,-0.375376473646611,17
847,0,0.6026142789050937,17
848,0,0.5843288977630436,17
849,0,-0.3632676606066525,17
850,1,0.899367256090045,17
851,1,0.22987524699419737,18
852,1,-0.04077645158395171,18
853,1,0.9131045215763152,18
854,0,-0.5818072929978371,18
855,1,-0.5215490204282105,18
856,1,0.17554630804806948,18
857,1,-0.5086955181322992,18
858,1,0.6764661781489849,18
859,1,0.6430281917564571,18
860,0,-0.25880878744646907,18
861,0,-0.610165799036622,18
862,1,0.8950226912274957,18
863,1,0.1463241414166987,18
864,1,-0.8205119618214667,18
865,1,-0.45218041399493814,18
866,0,0.92467535100877285,18
867,1,-0.3441139948554337,18
868,1,0.4998679724521935,18
869,1,-0.2898008478805423,18
870,1,-0.918290973175317,18
871,1,0.3540771477855742,18
872,1,0.12052122736349702,18
873,1,0.09461132530122995,18
874,0,-0.33698736503720284,18
875,1,0.045603545382618904,18
876,1,-0.6443660128861666,18
877,1,-0.13980654161423445,18
878,1,-0.035725596360862255,18
879,0,0.17052311403676867,18
880,1,-0.3156817969866097,18
881,1,0.4340070327743888,18
882,1,0.40908871311694384,18
883,0,-0.5683109322562814,18
884,0,0.16672262968495488,18
885,0,-0.6691780495457351,18
886,1,-0.025624671950936317,18
887,0,-0.7366286325268447,18
888,0,-0.9733125232160091,18
889,0,-0.9055497543886304,18
890,1,0.15031818253919482,18
891,1,-0.6435499712824821,18
892,1,-0.6389004611410201,18
893,1,0.13617832818999887,18
894,1,0.5485152187757194,18
895,0,-0.5893211741931736,18
896,0,-0.9575512050651014,18
897,1,-0.1555330608971417,18
898,1,0.8688127184286714,18
899,1,-0.038373671006411314,18
900,1,0.9862212226726115,18
901,1,-0.6945492327213287,19
902,0,-0.5402555945329368,19
903,0,-0.8273232523351908,19
904,0,-0.8114307131618261,19
905,0,0.1282671126537025,19
906,1,0.24881431087851524,19
907,1,0.4838342280127108,19
908,1,0.37667905585840344,19
909,1,0.048289901576936245,19
910,1,-0.5144048314541578,19
911,1,0.8515759166330099,19
912,0,-0.25702250050380826,19
913,1,-0.12243221467360854,19
914,1,0.3420120649971068,19
915,1,-0.8597417040728033,19
916,1,-0.8441957836039364,19
917,1,0.4886025679297745,19
918,1,-0.31592043908312917,19
919,1,-0.13278421014547348,19
920,0,-0.7899563312530518,19
921,0,0.23128142580389977,19
922,1,-0.07588523207232356,19
923,0,-0.7636704021133482,19
924,1,-0.8897592313587666,19
925,0,0.22671465948224068,19
926,0,-0.5883855731226504,19
927,1,-0.3280567582696676,19
928,1,0.20755113009363413,19
929,1,0.7761416016146541,19
930,0,-0.880418963264674,19
931,0,-0.9778827354311943,19
932,1,0.6739940829575062,19
933,0,-0.759097539819777,19
934,0,-0.20440131425857544,19
935,0,-0.8468988784588873,19
936,0,-0.5801172205246985,19
937,1,0.7306821588426828,19
938,1,0.4257807112298906,19
939,1,0.05903634522110224,19
940,0,-0.8619573777541518,19
941,1,0.22984645189717412,19
942,1,-0.18532887427136302,19
943,0,0.4176021167077124,19
944,1,-0.536634499207139,19
945,0,0.5318819833919406,19
946,1,0.7117997207678854,19
947,1,-0.0844238200224936,19
948,0,-0.49784196401014924,19
949,1,0.8806991097517312,19
950,1,0.9056561319157481,19
951,0,-0.4968320126645267,20
952,0,-0.3358425134792924,20
953,1,-0.33391642989590764,20
954,0,-0.7420271276496351,20
955,0,-0.5485902070067823,20
956,1,0.0658144629560411,20
957,0,-0.7368483510799706,20
958,1,0.2759630661457777,20
959,1,-0.736329510807991,20
960,1,0.02622522320598364,20
961,1,-0.6957714571617544,20
962,1,0.9073757738806307,20
963,1,-0.18328923312947154,20
964,1,0.9588336497545242,20
965,0,0.30819413904100657,20
966,1,0.18002347880974412,20
967,0,-0.997444084379822,20
968,0,-0.2671148730441928,20
969,1,0.5944370008073747,20
970,1,-0.8188107255846262,20
971,0,-0.4364191028289497,20
972,0,0.7382259373553097,20
973,0,0.7056470103561878,20
974,0,-0.8561228821054101,20
975,1,0.816543607506901,20
976,1,-0.3755201883614063,20
977,0,0.07742246985435486,20
978,1,-0.3988477014936507,20
979,1,0.8450409756042063,20
980,1,-0.03400568384677172,20
981,1,0.753442716319114,20
982,0,0.35728513915091753,20
983,1,0.8077312833629549,20
984,1,0.7922878647223115,20
985,1,-0.506418586242944,20
986,1,0.19024626538157463,20
987,1,0.9318478414788842,20
988,1,-0.27692680805921555,20
989,0,-0.582497182302177,20
990,1,0.4014193993061781,20
991,0,-0.5505289416760206,20
992,1,0.33824845775961876,20
993,1,-0.05305848643183708,20
994,0,0.08241878682747483,20
995,1,0.16545445984229445,20
996,1,-0.38467996194958687,20
997,1,0.8836102867498994,20
998,1,0.8166278321295977,20
999,1,0.878949070814997,20
1000,0,-0.13855823874473572,20
